,제목이름
0,"난이생생 계란 15개입 (왕란, 1020g)"
1,파머스픽 가농 1+등급 25개입 특란
2,백색란 30개입 대란
3,파머스픽 1+ 등급란 10개입 특란
4,오늘반찬은 신선한란 30알
5,산야초 먹인 동물복지인증 유정란 15개입 (780g내외)
6,"[풀무원] 동물복지 유정란 15개입 (대란, 780g)"
7,"[풀무원] 신선가득 계란 15개입 (대란, 780g)"
8,파머스픽 1등급란 15개입 특란
9,"동물복지 자유방목 유정란 10개입 (대란, 520g)"
10,동물복지 자유방목 유정란 25개입 대란
11,"[피코크] 1+등급 더 노란 통통란 15개입 (특란, 900g)"
12,파머스픽 1등급 목초먹인계란 15개입 대란
13,동물복지 백색유정란 15개입 대란
14,난이생생 15개입(1020g) 왕란
15,파머스픽 1등급 6개입 특란
16,"동물복지 유정란 25개입 (대란, 1300g)"
17,"우리집 신선계란 30개입 특란 1,800g"
18,파머스픽 1등급 의성마늘계란 15개입 대란
19,동물복지계란 15알
20,피코크 더노란 통통란10구 특란
21,동물복지 유정란 15개입 (특란)
22,짜지않은반숙란8입
23,무항생제 신선계란 30입
24,어린닭이 낳은 무항생제 햇달걀 25구(875g)
25,동물복지 토종닭이 낳은 유정란(10개입)
26,[1번사육]동물복지 자유방목 무항생제 신선유정란 15입
27,상하 노른자가 진한 1+등급란 15개입
28,"우리집 신선계란 30개입 대란 1,560g"
29,우리집 신선계란 10개입 특란 600g
30,"1등급 우리집 신선계란 20개입 대란 1,040g"
31,"우리집 신선계란 15개입 왕란 1,020g"
32,파머스픽 1등급 청국장먹인계란 15개입 대
33,1등급 신선가득달걀_대란 780g(15개입)
34,조인 강남농장 동물복지 백색유정란 15구
35,우리집 신선 하얀계란(30구/대란)
36,무항생제 목초먹인 신선 영양란 30구
37,SSG 동물복지유정란 20구
38,[1번사육]동물복지 자유방목 무항생제 신선유정란 햇달걀 20입
39,하얀계란 15개입 대란
40,어린닭이 낳은 계란 30개입
41,조인 강남농장 동물복지 백색유정란 20구
42,행복한 동물복지유정란 15구 780g
43,유황먹인 무항생제 달걀 25구(1300g)
44,1등급계란 15구(780g)
45,동물복지 유정 청란 10개입
46,바로먹는 삶은메추리알(10알)
47,목초란15구 780g
48,1+등급 신선한란 15알(특란)
49,무항생제 인증란 20구 대란
50,동물복지 유정란 15개입 대란
51,조인 누테이블 갈색 구운란 30구
52,[1번사육]동물복지 자유방목 무항생제  신선유정란 10입
53,지리산 산골 어린닭이 낳은 신선햇달걀 20입
54,동물복지 산골 유정란 25입
55,"[하림]무항생제 영양란 25개입(1,300g)"
56,영양란 30개입 특란
57,1등급란 10개입 특란
58,오골계 유정란10구
59,동물복지 산골 유정란 햇달걀 20입
60,동물복지 유정란 10개입 대란
61,조인 누테이블 백색 반숙란 20구
62,[1번사육]지리산 산골 1등급 111 동물복지 자유방목 신선유정란 10입
63,상하농원 순갈색 동물복지 유정란 15구
64,산골 목초먹인 신선계란 30입
65,동물복지 유정란 (15구/780g)
66,상하농원 순갈색 동물복지 유정란 10개입 (520g)
67,상하농원 순갈색 동물복지 유정란 10구
68,[2번사육]유기농 유정란 6구(312g)
69,영양란 12개입 특란
70,동물복지 유정란(10구/520g)
71,"신선한 계란 30개입 (특란, 1800g)"
72,파머스픽 1등급란 의성마늘계란 25입/대란
73,"동물복지목초란25구_1,300g"
74,무항생제 1등급 신선란 25구_1300g
75,조인 순수백색 신선햇달걀 10구
76,★올가닉 계란 상품 모음★
77,[올가닉] 계란 할인행사 (햇달걀/유정란/영양란 등)
78,건강하게 키웠습니다. 무항생제/동물복지 계란
79,무항생제 동물복지 계란 할인행사 (영양란/유정란/햇달걀 등)
