,Á¦¸ñ,¸µÅ©
0,ÄÁÅÙÃ÷·Î °Ç³Ê¶Ù±â,#content
1,ÄÁÅÙÃ÷·Î °Ç³Ê¶Ù±â,#content
2,ÄÁÅÙÃ÷·Î °Ç³Ê¶Ù±â,#content
3,ÄÁÅÙÃ÷·Î °Ç³Ê¶Ù±â,#content
4,ÄÁÅÙÃ÷·Î °Ç³Ê¶Ù±â,#content
5,ÄÁÅÙÃ÷·Î °Ç³Ê¶Ù±â,#content
6,ÄÁÅÙÃ÷·Î °Ç³Ê¶Ù±â,#content
7,ÄÁÅÙÃ÷·Î °Ç³Ê¶Ù±â,#content
8,ÄÁÅÙÃ÷·Î °Ç³Ê¶Ù±â,#content
9,ÄÁÅÙÃ÷·Î °Ç³Ê¶Ù±â,#content
10,ÄÁÅÙÃ÷·Î °Ç³Ê¶Ù±â,#content
11,ÄÁÅÙÃ÷·Î °Ç³Ê¶Ù±â,#content
12,ÄÁÅÙÃ÷·Î °Ç³Ê¶Ù±â,#content
13,ÄÁÅÙÃ÷·Î °Ç³Ê¶Ù±â,#content
14,ÄÁÅÙÃ÷·Î °Ç³Ê¶Ù±â,#content
15,ÄÁÅÙÃ÷·Î °Ç³Ê¶Ù±â,#content
16,ÄÁÅÙÃ÷·Î °Ç³Ê¶Ù±â,#content
17,ÄÁÅÙÃ÷·Î °Ç³Ê¶Ù±â,#content
18,ÄÁÅÙÃ÷·Î °Ç³Ê¶Ù±â,#content
19,ÄÁÅÙÃ÷·Î °Ç³Ê¶Ù±â,#content
20,ÄÁÅÙÃ÷·Î °Ç³Ê¶Ù±â,#content
21,ÄÁÅÙÃ÷·Î °Ç³Ê¶Ù±â,#content
22,ÄÁÅÙÃ÷·Î °Ç³Ê¶Ù±â,#content
23,ÄÁÅÙÃ÷·Î °Ç³Ê¶Ù±â,#content
24,ÄÁÅÙÃ÷·Î °Ç³Ê¶Ù±â,#content
